<?xml version="1.0" encoding="UTF-8"?>
<beans:beans 
	xmlns="http://www.springframework.org/schema/security"
	xmlns:beans="http://www.springframework.org/schema/beans"
	xmlns:xsi="http://www.w3.org/2001/XMLSchema-instance"
	xsi:schemaLocation="http://www.springframework.org/schema/security http://www.springframework.org/schema/security/spring-security-3.2.xsd
		http://www.springframework.org/schema/beans https://www.springframework.org/schema/beans/spring-beans.xsd">
	
<!-- 인증 -->
<authentication-manager id="test">
	<authentication-provider>
	<jdbc-user-service data-source-ref="dataSource" 
		users-by-username-query="select id as username,pwd as password,enabled
								 from member
								 where id=?"
		authorities-by-username-query="select id as username,authority
									   from member
									   where id=?"
	/>
		
<!-- 		<user-service>
			<user name="user" password="user" authorities="ROLE_USER"/>
			<user name="manager" password="manager" authorities="ROLE_MANAGER"/>
			<user name="admin" password="admin" authorities="ROLE_ADMIN"/>
		</user-service> -->
	</authentication-provider>
</authentication-manager>

<!-- 인허가 -->	
<http use-expressions="true" pattern="/**" authentication-manager-ref="test" >
	<intercept-url pattern="/admin/**" access="hasAuthority('ROLE_ADMIN')"/>
	<intercept-url pattern="/manager/**" access="hasAuthority('ROLE_MANAGER')"/>
	<intercept-url pattern="/member/**" access="hasAuthority('ROLE_USER')"/>
	<intercept-url pattern="/home/**" access="isAuthenticated()" />
	<intercept-url pattern="/commons/**" access="permitAll"/>
	<intercept-url pattern="/**" access="permitAll" />
	
	<form-login login-page="/commons/login"
				login-processing-url="/commons/loginPost" 
				username-parameter="id"
				password-parameter="pwd"
				default-target-url="/"
	/>
	<logout />
	
</http>


</beans:beans>
